decade,energy
'19,88.89002932551304
'10s,85.33901918976552
'00s,86.47595419847329
'90s,88.29836065573767
'80s,85.79999999999998
'70s,79.4923076923077
'60s,70.84285714285713
